/*Abrir o terminal*/
/*Conectar com o usuário postgres no banco de dados postgres*/
psql -U postgres
/*inserir a senha(no meu caso: computacao@raiz)*/

/*Criar um usuário com a permissão de criar banco de dados*/
create user vladimir with encrypted password '12345'
	NOSUPERUSER
	CREATEDB
	NOCREATEROLE
	INHERIT
	LOGIN
	NOREPLICATION
	NOBYPASSRLS
	CONNECTION LIMIT -1;

/*Conectar com o usuário criado(vladimir) no banco de dados Postgres*/
\connect postgres vladimir
/*inserir a senha(nesse caso: 12345)*/

/*Criar o banco de dados uvv com o usuário vladimir*/
create database uvv
with
Owner = vladimir
template = 'template0'
encoding = 'UTF8'
lc_collate = 'pt_BR.UTF-8'
lc_ctype = 'pt_BR.UTF-8'
allow_connections = 'true';

/*conectar no banco uvv com o usuário vladimir*/
\connect uvv vladimir

/*Dar privilégios para o usuário vladimir no banco de dados uvv*/
grant all privileges on database uvv to vladimir with grant option granted by vladimir;

/*Criar o esquema Elmasri*/
create schema Elmasri authorization vladimir;

/*Definir o esquema Elmasri como padrão*/
SET SEARCH_PATH TO elmasri, "$user", public;

ALTER USER vladimir
SET SEARCH_PATH TO elmasri, "$user", public;



/*Criar as tabelas com os códigos gerados no PowerArchitect*/
CREATE TABLE elmasri.funcionario (
                cpf CHAR(11) NOT NULL,
                primeiro_nome VARCHAR(15) NOT NULL,
                nome_meio CHAR(1),
                ultimo_nome VARCHAR(15) NOT NULL,
                data_nascimento DATE,
                endereco VARCHAR(50),
                sexo CHAR(1),
                salario NUMERIC(10,2),
                cpf_supervisor CHAR(11) NOT NULL,
                numero_departamento INTEGER NOT NULL,
                CONSTRAINT pk_funcionario PRIMARY KEY (cpf)
);
COMMENT ON TABLE elmasri.funcionario IS 'Tabela que armazena as informações dos funcionários.';
COMMENT ON COLUMN elmasri.funcionario.cpf IS 'CPF do funcionário. Será a PK da tabela.';
COMMENT ON COLUMN elmasri.funcionario.primeiro_nome IS 'Primeiro nome do funcionário.';
COMMENT ON COLUMN elmasri.funcionario.nome_meio IS 'Inicial do nome do meio.';
COMMENT ON COLUMN elmasri.funcionario.ultimo_nome IS 'Sobrenome do funcionário.';
COMMENT ON COLUMN elmasri.funcionario.endereco IS 'Endereço do funcionário.';
COMMENT ON COLUMN elmasri.funcionario.sexo IS 'Sexo do funcionário.';
COMMENT ON COLUMN elmasri.funcionario.salario IS 'Salário do funcionário.';
COMMENT ON COLUMN elmasri.funcionario.cpf_supervisor IS 'CPF do supervisor. Será uma FK para a própria tabela.';
COMMENT ON COLUMN elmasri.funcionario.numero_departamento IS 'Número do departamento do funcionário.';


CREATE TABLE elmasri.dependente (
                cpf_funcionario CHAR(11) NOT NULL,
                nome_dependente VARCHAR(15) NOT NULL,
                sexo CHAR(1),
                data_nascimento DATE,
                parentesco VARCHAR(15),
                CONSTRAINT pk_dependente PRIMARY KEY (cpf_funcionario, nome_dependente)
);
COMMENT ON TABLE elmasri.dependente IS 'Tabela que armazena as informações dos dependentes dos funcionários.';
COMMENT ON COLUMN elmasri.dependente.cpf_funcionario IS 'CPF do funcionário. É PK desta tabela e FK da funcionário.';
COMMENT ON COLUMN elmasri.dependente.nome_dependente IS 'Nome do dependente. Faz parte da PK desta tabela.';
COMMENT ON COLUMN elmasri.dependente.sexo IS 'Sexo do dependente.';
COMMENT ON COLUMN elmasri.dependente.data_nascimento IS 'Data de nascimento do dependente.';
COMMENT ON COLUMN elmasri.dependente.parentesco IS 'Descrição do parentesco do dependente com o funcionário.';


CREATE TABLE elmasri.departamento (
                numero_departamento INTEGER NOT NULL,
                nome_departamento VARCHAR(15) NOT NULL,
                cpf_gerente CHAR(11) NOT NULL,
                data_inicio_gerente DATE,
                CONSTRAINT pk_departamento PRIMARY KEY (numero_departamento)
);
COMMENT ON TABLE elmasri.departamento IS 'Tabela armazena as informações dos departamentos.';
COMMENT ON COLUMN elmasri.departamento.numero_departamento IS 'Número do departamento. É a PK desta tabela.';
COMMENT ON COLUMN elmasri.departamento.nome_departamento IS 'Nome do departamento. Deve ser único.';
COMMENT ON COLUMN elmasri.departamento.cpf_gerente IS 'CPF do gerente do departamento. FK da tabela funcionário.';
COMMENT ON COLUMN elmasri.departamento.data_inicio_gerente IS 'Data do início do gerente no departamento.';


CREATE UNIQUE INDEX departamento_idx
 ON elmasri.departamento
 ( nome_departamento );

CREATE TABLE elmasri.projeto (
                numero_projeto INTEGER NOT NULL,
                nome_projeto VARCHAR(15) NOT NULL,
                local_projeto VARCHAR(15),
                numero_departamento INTEGER NOT NULL,
                CONSTRAINT pk_projeto PRIMARY KEY (numero_projeto)
);
COMMENT ON TABLE elmasri.projeto IS 'Tabela que armazena as informações sobre os projetos dos departamentos.';
COMMENT ON COLUMN elmasri.projeto.numero_projeto IS 'Número do projeto. É a PK desta tabela.';
COMMENT ON COLUMN elmasri.projeto.nome_projeto IS 'Nome do projeto. Deve ser único.';
COMMENT ON COLUMN elmasri.projeto.local_projeto IS 'Localização do projeto.';
COMMENT ON COLUMN elmasri.projeto.numero_departamento IS 'Número do departamento. É uma FK para a tabela departamento.';


CREATE UNIQUE INDEX projeto_idx
 ON elmasri.projeto
 ( nome_projeto );

CREATE TABLE elmasri.trabalha_em (
                cpf_funcionario CHAR(11) NOT NULL,
                numero_projeto INTEGER NOT NULL,
                horas NUMERIC(3,1) NOT NULL,
                CONSTRAINT pk_trabalha_em PRIMARY KEY (cpf_funcionario, numero_projeto)
);
COMMENT ON TABLE elmasri.trabalha_em IS 'Tabela para armazenar quais funcionários trabalham em quais projetos.';
COMMENT ON COLUMN elmasri.trabalha_em.cpf_funcionario IS 'CPF do funcionário. É a PK desta tabela e FK da funcionário.';
COMMENT ON COLUMN elmasri.trabalha_em.numero_projeto IS 'Número do projeto. É a  PK desta tabela e FK da projeto.';
COMMENT ON COLUMN elmasri.trabalha_em.horas IS 'Horas trabalhadas pelo funcionário neste projeto.';


CREATE TABLE elmasri.localizacoes_departamento (
                numero_departamento INTEGER NOT NULL,
                local VARCHAR(15) NOT NULL,
                CONSTRAINT pk_localizacoes_departamento PRIMARY KEY (numero_departamento, local)
);
COMMENT ON TABLE elmasri.localizacoes_departamento IS 'Tabela que armazena as possíveis localizações dos departamentos.';
COMMENT ON COLUMN elmasri.localizacoes_departamento.numero_departamento IS 'Número do departamento. É PK e FK da departamento.';
COMMENT ON COLUMN elmasri.localizacoes_departamento.local IS 'Localização do departamento. Faz parte da PK desta tabela.';


ALTER TABLE elmasri.funcionario ADD CONSTRAINT funcionario_funcionario_fk
FOREIGN KEY (cpf_supervisor)
REFERENCES elmasri.funcionario (cpf)
ON DELETE NO ACTION
ON UPDATE NO ACTION
NOT DEFERRABLE;

ALTER TABLE elmasri.dependente ADD CONSTRAINT funcionario_dependente_fk
FOREIGN KEY (cpf_funcionario)
REFERENCES elmasri.funcionario (cpf)
ON DELETE NO ACTION
ON UPDATE NO ACTION
NOT DEFERRABLE;

ALTER TABLE elmasri.trabalha_em ADD CONSTRAINT funcionario_trabalha_em_fk
FOREIGN KEY (cpf_funcionario)
REFERENCES elmasri.funcionario (cpf)
ON DELETE NO ACTION
ON UPDATE NO ACTION
NOT DEFERRABLE;

ALTER TABLE elmasri.departamento ADD CONSTRAINT funcionario_departamento_fk
FOREIGN KEY (cpf_gerente)
REFERENCES elmasri.funcionario (cpf)
ON DELETE NO ACTION
ON UPDATE NO ACTION
NOT DEFERRABLE;

ALTER TABLE elmasri.localizacoes_departamento ADD CONSTRAINT departamento_localizacoes_departamento_fk
FOREIGN KEY (numero_departamento)
REFERENCES elmasri.departamento (numero_departamento)
ON DELETE NO ACTION
ON UPDATE NO ACTION
NOT DEFERRABLE;

ALTER TABLE elmasri.projeto ADD CONSTRAINT departamento_projeto_fk
FOREIGN KEY (numero_departamento)
REFERENCES elmasri.departamento (numero_departamento)
ON DELETE NO ACTION
ON UPDATE NO ACTION
NOT DEFERRABLE;

ALTER TABLE elmasri.trabalha_em ADD CONSTRAINT projeto_trabalha_em_fk
FOREIGN KEY (numero_projeto)
REFERENCES elmasri.projeto (numero_projeto)
ON DELETE NO ACTION
ON UPDATE NO ACTION
NOT DEFERRABLE;



/*Criar algumas regras de integridade(salário e horas: não podem receber valores negativos e sexo restrito a: Masculino e Feminino)*/
alter table elmasri.funcionario add constraint CMF_funcionario check(sexo = 'M' or sexo = 'F');

alter table elmasri.dependente add constraint CMF_funcionario check(sexo = 'M' or sexo = 'F');

alter table elmasri.funcionario add constraint CS_funcionario check(salario >= 0);

alter table elmasri.trabalha_em add constraint CH_trabalha_em check(horas >= 0);



/*Inserir os dados nas tabelas*/
insert into elmasri.funcionario values (88866555576, 'Jorge', 'E', 'Brito', '1937-11-10', 'Rua do Horto, 35, São Paulo, SP', 'M', 55000, 88866555576, 1),
(33344555587, 'Fernando', 'T', 'Wong', '1955-12-08', 'Rua da Lapa, 34, São Paulo, SP', 'M', 40000, 88866555576, 5),
(98765432168, 'Jennifer', 'S', 'Souza', '1941-06-20', 'Av.Arthur de Lima, 54, Santo André, SP', 'F', 43000, 88866555576, 4),
(12345678966, 'João', 'B', 'Silva', '1965-01-09', 'Rua das Flores, 751, São Paulo, SP', 'M', 30000, 33344555587, 5),
(66688444476, 'Ronaldo', 'K', 'Lima', '1962-09-15', 'Rua Rebouças, 65, Piracicaba, SP', 'M', 38000, 33344555587, 5),
(45345345376, 'Joice', 'A', 'Leite', '1972-07-31', 'Av.Lucas Obes, 74, São Paulo, SP', 'F', 25000, 33344555587, 5),
(99988777767, 'Alice', 'J', 'Zelaya', '1968-01-19', 'Rua Souza Lima, 35, Curítiba, PR', 'F', 25000, 98765432168, 4),
(98798798733, 'André', 'V', 'Pereira', '1969-03-29', 'Rua Timbira, 35, São Paulo, SP', 'M', 25000, 98765432168, 4);


insert into elmasri.departamento values (5, 'Pesquisa', 33344555587, '1988-05-22'),
(4, 'Administração', 98765432168, '1995-01-01'),
(1, 'Matriz', 88866555576, '1981-06-19');


insert into elmasri.localizacoes_departamento values ( 1, 'São Paulo'),
(4, 'Mauá'),
(5, 'Santo André'),
(5, 'Itu'),
(5, 'São Paulo');


insert into elmasri.projeto values (1, 'ProdutoX', 'Santo André', 5),
(2, 'ProdutoY', 'Itu', 5),
(3, 'ProdutoZ', 'São Paulo', 5),
(10, 'Informatização', 'Mauá', 4),
(20, 'Reorganização', 'São Paulo', 1),
(30, 'Novosbenefícios', 'Mauá', 4);


insert into elmasri.dependente values (33344555587, 'Alicia', 'F', '1986-04-05', 'Filha'),
(33344555587, 'Tiago', 'M', '1983-10-25', 'Filho'),
(33344555587, 'Janaína', 'F', '1958-05-03', 'Esposa'),
(98765432168, 'Antonio', 'M', '1942-02-28', 'Marido'),
(12345678966, 'Michael', 'M', '1988-01-04', 'Filho'),
(12345678966, 'Alicia', 'F', '1988-12-30', 'Filha'),
(12345678966, 'Elizabeth', 'F', '1967-05-05', 'Esposa');


insert into elmasri.trabalha_em values (12345678966, 1, 32.5),
(12345678966, 2, 7.5),
(66688444476, 3, 40.0),
(45345345376, 1, 20.0),
(45345345376, 2, 20.0),
(33344555587, 2, 10.0),
(33344555587, 3, 10.0),
(33344555587, 10, 10.0),
(33344555587, 20, 10.0),
(99988777767, 30, 30.0),
(99988777767, 10, 10.0),
(98798798733, 10, 35.0),
(98798798733, 30, 5.0),
(98765432168, 30, 20.0),
(98765432168, 20, 15.0),
(88866555576, 20, 0.0);